{"cameraMode":{"drawMode":0,"name":"Shaded","section":"Shading Mode"},"sceneLighting":true,"audioPlay":false,"sceneViewState":{"showFog":true,"showMaterialUpdate":false,"showSkybox":true,"showFlares":true,"showImageEffects":true,"showParticleSystems":true},"in2DMode":false,"pivot":{"x":-8.22673225402832,"y":12.36920166015625,"z":-14.654921531677246},"rotation":{"x":-0.4328751266002655,"y":-0.23527459800243379,"z":0.11813310533761978,"w":-0.8621686697006226},"size":11.54389762878418,"orthographic":false}