{"cameraMode":{"drawMode":0,"name":"Shaded","section":"Shading Mode"},"sceneLighting":true,"audioPlay":false,"sceneViewState":{"showFog":true,"showMaterialUpdate":false,"showSkybox":true,"showFlares":true,"showImageEffects":true,"showParticleSystems":true},"in2DMode":false,"pivot":{"x":-9.040237426757813,"y":15.689801216125489,"z":14.978862762451172},"rotation":{"x":0.07439089566469193,"y":0.9181325435638428,"z":-0.3314517140388489,"w":0.20532697439193726},"size":7.387658596038818,"orthographic":true}