{"cameraMode":{"drawMode":0,"name":"Shaded","section":"Shading Mode"},"sceneLighting":true,"audioPlay":false,"sceneViewState":{"showFog":true,"showMaterialUpdate":false,"showSkybox":true,"showFlares":true,"showImageEffects":true,"showParticleSystems":true},"in2DMode":false,"pivot":{"x":10.067895889282227,"y":-7.469962120056152,"z":11.871074676513672},"rotation":{"x":-0.168188214302063,"y":0.40675070881843569,"z":0.07700404524803162,"w":0.894910991191864},"size":7.387658596038818,"orthographic":true}